iter	MultiClass
0	0.8257469574
1	0.6479317789
2	0.5642273653
3	0.5119525607
4	0.4783510586
5	0.4448934987
6	0.4194309521
7	0.3968351157
8	0.3774846058
9	0.3639146217
