iter	RMSE
0	176.5171989
1	173.0935237
2	170.036238
3	167.142711
4	164.475131
5	162.0755662
6	159.8333284
7	157.8600613
8	155.9430919
9	154.3843925
