iter	MultiClass
0	0.2966043313
1	0.1781498575
2	0.1245128347
3	0.1047902082
4	0.08306909815
5	0.06838007158
6	0.05403448889
7	0.04628307127
8	0.04108910038
9	0.03759852209
