iter	MultiClass
0	1.098612008
1	1.098611726
2	1.098611441
3	1.098611159
4	1.098610878
5	1.098610597
6	1.098610319
7	1.09861004
8	1.098609759
9	1.098609481
10	1.098609203
11	1.098608922
12	1.098608643
13	1.098608363
14	1.098608085
15	1.098607807
16	1.098607526
17	1.098607246
18	1.098606966
19	1.098606682
20	1.0986064
